nombre,numero,email
Simone,77,sed.dictum.eleifend@tempus.net
Giacomo,55,erat.eget@tellus.edu
Elton,37,ligula.consectetuer@necenim.ca
Shellie,13,arcu@accumsansed.net
Merrill,99,phasellus.elit@quisquefringillaeuismod.net
Abraham,25,et.malesuada@etipsumcursus.co.uk
Jamal,59,laoreet.libero@ac.co.uk
Sophia,77,adipiscing@lectuscum.org
Cassidy,45,a@non.org
Grace,48,arcu.nunc.mauris@pedeultrices.org
Audra,90,fringilla.cursus@nulla.net
Rigel,9,semper.erat@liberomaurisaliquam.co.uk
Mohammad,59,malesuada@mauris.co.uk
Myles,76,nunc.mauris@duifuscealiquam.ca
Alan,81,tortor.dictum.eu@suspendissenonleo.co.uk
Yael,69,vitae.dolor.donec@aliquamarcu.net
Faith,7,libero@lacinia.com
Timothy,61,libero.est@turpisvitaepurus.net
Igor,37,egestas.fusce.aliquet@etrisus.com
Patience,61,sed.nulla@hymenaeosmaurisut.edu
